Code,Genus,Species,Voucher,Country,Herbarium,ITS,ITSname,rps16,rps16names,ndhF,ndhFnames,ETS,ETSnames
SC281,Becquerelia,cymosa, Van Andel T.R. & al. 4473, Suriname,GENT,LN886915,Becquerlia_cymosa_LN886915_Surinam,LN887144,Becquerelia_cymosa_LN887144_Surinam,LN887033,Becquerelia_cymosa_LN887033_Surinam,,
SC282,Bisboeckelera,microcephala, Billiet F. & al. 1850, French Guiana,BR,LN886916,Bisboeckelera_microcephala_LN886916_French_Guiana,LN887145,Bisboeckelera_microcephala_LN887145_French_Guiana,LN887034,Bisboeckelera_microcephala_LN887034_French_Guiana,,
SC106,Calyptrocarya,glomerulata, De Wilde Bart 7, Guyana,TCD,LN886843,Calyptrocarya_glomerulata_LN886843_Guyana,LN887070,Calyptrocarya_glomerulata_LN887070_Guyana,LN886954,Calyptrocarya_glomerulata_LN886954_Guyana,,
SC279,Diplacrum,caricinum," Sungkaew, S. & Teerawatananon A. 636", Thailand,Thailand Natural History Museum,LN886913,Diplacrum_caricinum_LN886913_Thailand,,,LN887031,Diplacrum_caricinum_LN887031_Thailand,,
SC226,Scleria,abortiva,Razakamalala R. & al. 3309,Madagascar,MO,LN886891,Scleria_abortiva_LN886891_Madagascar,LN887120,Scleria_abortiva_LN887120_Madagascar,LN887007,Scleria_abortiva_LN887007_Madagascar,SC226,Scleria_abortiva_SC226_ Madagascar
SC072,Scleria,angusta,Browning J. 390,South Africa,GENT,LN886828,Scleria_angusta_LN886828_South_Africa,LN887056,Scleria_angusta_LN887056_South_Africa,LN886939,Scleria_angusta_LN886939_South_Africa,SC072,Scleria_angusta_SC072_ South Africa
SC437,Scleria,angustifolia,Robinson E.A. 6623,Zambia,GENT,MG708616,Scleria_angustifolia_MG708616_Zambia,MG708848,Scleria_angustifolia_MG708848_Zambia,MG708739,Scleria_angustifolia_MG708739_Zambia,MG709011,Scleria_angustifolia_MG709011_Zambia
SC022,Scleria,ankaratrensis,Larridon I. et al. 2010-0340,Madagascar,GENT,MG708516,Scleria_ankaratrensis_MG708516_Madagascar,MG708759,Scleria_ankaratrensis_MG708759_Madagascar,MG708646,Scleria_ankaratrensis_MG708646_Madagascar,MG708884,Scleria_ankaratrensis_MG708884_Madagascar
SC125,Scleria,arguta,Perry A. 1195,Bolivia,GENT,LN886852,Scleria_arguta_LN886852_Bolivia,LN887079,,LN886964,Scleria_arguta_LN886964_Bolivia,,
SC203,Scleria,balansae,Pedersen C. 22262,Brazil,MO,LN886881,Scleria_balansae_LN886881_Brazil,,,LN886997,Scleria_balansae_LN886997_Brazil,,
SC187,Scleria,baldwinii,Bauters K. & Coenen J. 2013-038,U.S.A.,GENT,,,LN887107,Scleria_baldwinii_LN887107_USA,LN886992,Scleria_baldwinii_LN886992_USA,,
SC204,Scleria,bambariensis,Bidgood  S. & al. 5695,Tanzania,MO,LN886882,Scleria_bambariensis_LN886882_Tanzania,LN887112,Scleria_bambariensis_LN887112_Tanzania,LN886998,Scleria_bambariensis_LN886998_Tanzania,,
SC205,Scleria,baroni-clarkei,Walters G. & al. 878,Gabon,MO,LN886883,Scleria_baroni_clarkei_LN886883_Gabon,,,LN886999,Scleria_baroni_clarkei_LN886999_Gabon,,
SC206,Scleria,baronii,Antilahimena P. & al. 5872,Madagascar,MO,LN886884,Scleria_baronii_LN886884_Madagascar,LN887113,Scleria_baronii_LN887113_Mdagascar,LN887000,Scleria_baronii_LN887000_Madagascar,,
SC381,Scleria,bequaertii,Bauters K. 2015-171,Zambia,GENT,MG708603,Scleria_bequaertii_MG708603_Zambia,MG708836,Scleria_bequaertii_MG708836_Zambia,MG708730,Scleria_bequaertii_MG708730_Zambia,MG708999,Scleria_bequaertii_MG708999_Zambia
SC108,Scleria,biflora,"Sungkaew, S. & Teerawatananon A. 256",Thailand,Thailand Natural History Museum,LN886845,Scleria_biflora_LN886845_Thailand,LN887072,Scleria_biflora_LN887072_Thailand,LN886956,Scleria_biflora_LN886956_Thailand,MH379461,Scleria_biflora_MH379461_ Thailand
SC209,Scleria,boivinii,Mamadou N. & al. 10,Gabon,MO,LN886886,Scleria_boivinii_LN886886_Gabon,LN887115,Scleria_boivinii_LN887115_Gabon,LN887002,Scleria_boivini_LN887002_Gabon,SC209,Scleria_boivinii_SC209_ Gabon
SC313,Scleria,bourgeaui,Pringle 1686,Mexico,BR,MG708571,Scleria_bourgeaui_MG708571_Mexico,,,,,,
SC068,Scleria,bracteata,Toriola-Marbot D. 330,French Guiana,GENT,LN886827,Scleria_bracteata_LN886827_French_Guiana,LN887055,Scleria_bracteata_LN887055_French_Guiana,LN886938,Scleria_bracteata_LN886938_French_Guiana,,
SC059,Scleria,brownii,Wilson K.L. 8098,Australia,GENT,LN886823,Scleria_brownii_LN886823_Australia,LN887052,Scleria_brownii_LN887052_Australia,LN886934,Scleria_brownii_LN886934_Australia,MG708913,Scleria_brownii_MG708913_ Australia
SC378,Scleria,bulbifera,Bauters K. 2015-163,Zambia,GENT,MG708602,Scleria_bulbifera_MG708602_Zambia,MG708834,Scleria_bulbifera_MG708834_Zambia,MG708728,Scleria_bulbifera_MG708728_Zambia,,
SC453,Scleria,burchellii,Irwin 24394,Brazil,MO,MG708631,Scleria_burchelli_MG708631_Brazil,MG708863,Scleria_burchelli_MG708863_Brazil,,,,
SC070,Scleria,calcicola,Bingham M. 7587,Zambia,GENT,MG708535,Scleria_calcicola_MG708535_Zambia,MG708774,Scleria_calcicola_MG708774_Zambia,MG708660,Scleria_calcicola_MG708660_Zambia,MG708914,Scleria_calcicola_MG708914_Zambia
SC062b,Scleria,carphiformis,Wilson K.L. 8223,Australia,GENT,LN886825,Scleria_carphiformis_LN886825_Australia,,,LN886936,Scleria_carphiformis_LN886936_Australia,MH379456,Scleria_carphiformis_MH379456_ Australia
SC046,Scleria,castanea,Solomon J.C. et al. 19067,Bolivia,GENT,MG708532,Scleria_castanea_MG708532_Bolivia,MG708770,Scleria_castanea_MG708770_Bolivia,MG708656,Scleria_castanea_MG708656_Bolivia,MG708906,Scleria_castanea_MG708906_Bolivia
SC049,Scleria,catophylla,Hess H.&E. 51/139,Angola,GENT,LN886819,Scleria_catophylla_LN886819_Angola,LN887048,Scleria_catophylla_LN887048_Angola,LN886930,Scleria_catophylla_LN886930_Angola,MG708908,Scleria_catophylla_MG708908_Angola
SC060,Scleria,ciliaris,Wilson K.L. 8231,Australia,GENT,LN886824,Scleria_ciliaris_LN886824_Australia,LN887053,Scleria_ciliaris_LN887053_Australia,LN886935,Scleria_ciliaris_LN886935_Australia,MH379455,Scleria_ciliaris_MH379455_ Australia
SC189,Scleria,ciliata,Bauters K. & Coenen J. 2013-042,U.S.A.,GENT,,,LN887108,Scleria_ciliata_LN887108_USA,LN886993,Scleria_ciliata_LN886993_USA,MH379470,Scleria_ciliata_MH379470_ USA
SC063b,Scleria,comosa,Haase R. 753,Bolivia,GENT,LN886826,Scleria_comosa_LN886826_Bolivia,LN887054,Scleria_comosa_LN887054_Bolivia,LN886937,Scleria_comosa_LN886937_Bolivia,,
SC293,Scleria,composita,Beck St. G. 13175,Bolivia,GENT,MG708557,Scleria_composita_MG708557_Bolivia,MG708796,Scleria_composita_MG708796_Bolivia,MG708685,Scleria_composita_MG708685_Bolivia,MG708953,Scleria_composita_MG708953_Bolivia
SC096,Scleria,corymbosa,Bart De Wilde & al. 02-199,Thailand,TCD,LN886836,Scleria_corymbosa_LN886836_Thailand,LN887064,Scleria_corymbosa_LN887064_Thailand,LN886947,Scleria_corymbosa_LN886947_Thailand,,
SC457,Scleria,cuyabensis,Zardini 48117,Paraguay,GENT,,,MG708866,Scleria_cuyabensis_MG708866_Paraguay,,,,
SC127,Scleria,cyperina,Beck St. G. 133,Brazil,GENT,LN886853,Scleria_cyperina_LN886853_Brazil,LN887080,Scleria_cyperina_LN887080_Brazil,LN886965,Scleria_cyperina_LN886965_Brazil,MH379464,Scleria_cyperina_MH379464_ Brazil
SC288,Scleria,delicatula,Robinson 4555,Zambia,NY,MG708553,Scleria_delicatula_MG708553_Zambia,MG708792,Scleria_delicatula_MG708792_Zambia,MG708681,Scleria_delicatula_MG708681_Zambia,MG708949,Scleria_delicatula_MG708949_Zambia
SC214,Scleria,depauperata,Raynal J. & Jaffr‚ T. 16510,New Caledonia,MO,LN886888,Scleria_depauperata_LN886888_New_Caledonia,LN887117,Scleria_depauperata_LN887117_New_Caledonia,LN887004,Scleria_depauperata_LN887004_New_Caledonia,MG708933,Scleria_depauperata_MG708933_ New_Caledonia
SC054,Scleria,depressa,Goetghebeur P. 12128,Cameroon,GENT,LN886821,Scleria_depressa_LN886821_Cameroon,LN887050,Scleria_depressa_LN887050_Cameroon,LN886932,Scleria_depressa_LN886932_Cameroon,,
SC177,Scleria,distans,Bauters K. & Coenen J. 2013-007,USA,GENT,LN886877,Scleria_distans_LN886877_USA,LN887104,Scleria_distans_LN887104_USA,LN886989,Scleria_distans_LN886989_USA,MG708924,Scleria_distans_MG708924_USA
SC031,Scleria,distans_var._chondrocarpa,Larridon et al. 2010-0229,Madagascar,GENT,MG708524,Scleria_distans_var_chondrocarpa_MG708524_Madagascar,MG708765,Scleria_distans_var_chondrocarpa_MG708765_Madagascar,MG708651,Scleria_distans_var_chondrocarpa_MG708651_Madagascar,MG708893,Scleria_distans_var_chondrocarpa_MG708893_Madagascar
SC384,Scleria,dregeana,Bauters K. 2015-184,Zambia,GENT,MG708606,Scleria_dregeana_MG708606_Zambia,MG708839,Scleria_dregeana_MG708839_Zambia,MG708732,Scleria_dregeana_MG708732_Zambia,MG709002,Scleria_dregeana_MG709002_Zambia
SC275,Scleria,eggersiana,Camelbeke K. & Goetghebeur P. 939,Costa Rica,GENT,LN886909,Scleria_eggersiana_LN886909_Costa_Rica,LN887139,Scleria_eggersiana_LN887139_Costa_Rica,LN887027,Scleria_eggersiana_LN887027_Costa_Rica,,
SC023,Scleria,erythrorrhiza,Malaisse & Goetghebeur 871,Democratic Republic of Congo,GENT,MG708517,Scleria_erythrorrhiza_MG708517_DRC,MG708760,Scleria_erythrorrhiza_MG708760_DRC,MG708647,Scleria_erythrorrhiza_MG708647_DRC,MG708885,Scleria_erythrorrhiza_MG708885_DRC
SC129,Scleria,flagellum-nigrorum,Moraes M. & al. 1785,Bolivia,GENT,LN886854,Scleria_flagellum_nigrorum_LN886854_Bolivia,LN887081,Scleria_flagellum_nigrorum_LN887081_Bolivia,LN886966,Scleria_flagellum_nigrorum_LN886966_Bolivia,MH379465,Scleria_flagellum-nigrorum_MH379465_ Bolivia
SC351,Scleria,flexuosa,Bauters K. 2015-057,Zambia,GENT,MG708586,Scleria_flexuosa_MG708586_Zambia,MG708824,Scleria_flexuosa_MG708824_Zambia,MG708712,Scleria_flexuosa_MG708712_Zambia,MG708984,Scleria_flexuosa_MG708984_Zambia
SC130,Scleria,foliosa,Malaisse F. & Goetghebeur P. 418,Democratic Republic of the Congo,GENT,LN886855,Scleria_foliosa_LN886855_DRC,LN887082,Scleria_foliosa_LN887082_DRC,LN886967,Scleria_foliosa_LN886967_DRC,MH379466,Scleria_foliosa_MH379466_ DRC
SC294,Scleria,fulvipilosa,Robinson 6324,Zambia,NY,MG708558,Scleria_fulvipilosa_MG708558_Zambia,MG708797,Scleria_fulvipilosa_MG708797_Zambia,MG708686,Scleria_fulvipilosa_MG708686_Zambia,MG708954,Scleria_fulvipilosa_MG708954_Zambia
SC271,Scleria,gaertneri,Camelbeke K. & Goetghebeur P. 903,Costa Rica,GENT,LN886908,Scleria_gaertneri_LN886908_Costa_Rica,LN887138,Scleria_gaertneri_LN887138_Costa_Rica,LN887026,Scleria_gaertneri_LN887026_Costa_Rica,,
SC186,Scleria,georgiana,Bauters K. & Coenen J. 2013-033, U.S.A.,GENT,,,LN887106,Scleria_georgiana_LN887106_USA,LN886991,Scleria_georgiana_LN886991_USA,,
SC269,Scleria,glabra,Bingham M 7603,Zambia,GENT,MG708548,Scleria_glabra_MG708548_Zambia,MG708789,Scleria_glabra_MG708789_Zambia,MG708676,Scleria_glabra_MG708676_Zambia,MG708945,Scleria_glabra_MG708945_Zambia
SC133,Scleria,globonux,Hess H.&E. 52/696,Angola,GENT,LN886856,Scleria_globonux_LN886856_Angola,LN887083,Scleria_globonux_LN887083_Angola,LN886968,Scleria_globonux_LN886968_Angola,,
SC134,Scleria,goossensii,Smith T.B. S85-52,Cameroon,GENT,LN886857,Scleria_goossensii_LN886857_Cameroon,LN887084,Scleria_goossensii_LN887084_Cameroon,LN886969,Scleria_goossensii_LN886969_Cameroon,,
SC075,Scleria,greigiifolia,Desfayes M. 95-3121,Madagascar,GENT,LN886829,Scleria_greigiifolia_LN886829_Madagascar,LN887057,Scleria_greigiifolia_LN887057_Madagascar,LN886940,Scleria_greigiifolia_LN886940_Madagascar,MH379457,Scleria_greigiifolia_MH379457_ Madagascar
SC137,Scleria,hildebrandtii,Zwaenepoel A. 508,Kenya,GENT,LN886859,Scleria_hildebrandtii_LN886859_Kenya,LN887086,Scleria_hildebrandtii_LN887086_Kenya,LN886971,Scleria_hildebrandtii_LN886971_Kenya,SC137,Scleria_hildebrandtii_SC137_ Kenya
SC032,Scleria,hilsenbergii,Larridon et al. 2010-0138,Madagascar,GENT,LN886812,Scleria_hilsenbergii_LN886812_Madagascar,LN887041,Scleria_hilsenbergii_LN887041_Madagascar,LN886923,Scleria_hilsenbergii_LN886923_Madagascar,MG708894,Scleria_hilsenbergii_MG708894_Madagascar
SC445,Scleria,hirtella,Piepenbring 2625,Guyana,GENT,MG708623,Scleria_hirtella_MG708623_Guyana,MG708856,Scleria_hirtella_MG708856_Guyana,MG708747,Scleria_hirtella_MG708747_Guyana,MG709019,Scleria_hirtella_MG709019_Guyana
SC455,Scleria,hispidior,Gilbert 927,Ethiopia,L,MG708633,Scleria_hispidior_MG708633_Ethiopia,MG708865,Scleria_hispidior_MG708865_Ethiopia,,,,
SC439,Scleria,hispidula,Robinson E.A. 6535,Zambia,GENT,MG708617,Scleria_hispidula_MG708617_Zambia,MG708850,Scleria_hispidula_MG708850_Zambia,MG708741,Scleria_hispidula_MG708741_Zambia,MG709013,Scleria_hispidula_MG709013_Zambia
SC318,Scleria,interrupta,Jansen-Jacobs M.J. s.n. ?,Guyana,GENT,MG708573,Scleria_interrupta_MG708573_Guyana,MG708811,Scleria_interrupta_MG708811_Guyana,MG708701,Scleria_interrupta_MG708701_Guyana,MG708970,Scleria_interrupta_MG708970_Guyana
SC140,Scleria,iostephana,Hess H. & E. 52/1229,Angola,GENT,LN886860,Scleria_iostephana_LN886860_Angola,LN887087,Scleria_iostephana_LN887087_Angola,LN886972,Scleria_iostephana_LN886972_Angola,MH379467,Scleria_iostephana_MH379467_ Angola
SC102,Scleria,kerrii,Bart De Wilde & al. 02-325,Thailand,TCD,LN886840,Scleria_kerrii_LN886840_Thailand,LN887067,Scleria_kerrii_LN887067_Thailand,LN886951,Scleria_kerrii_LN886951_Thailand,,
SC004,Scleria,lacustris,Guareco I. 409,Bolivia,GENT,LN886806,Scleria_lacustris_LN886806_Bolivia,LN887035,Scleria_lacustris_LN887035_Bolivia,LN886917,Scleria_lacustris_LN886917_Bolivia,MH379452,Scleria_lacustris_MH379452_ Bolivia
SC224,Scleria,lagoensis,Gereau R.E. & al. 4306,Tanzania,MO,LN886890,Scleria_lagoensis_LN886890_Tanzania,LN887119,Scleria_lagoensis_LN887119_Tanzania,LN887006,Scleria_lagoensis_LN887006_Tanzania,SC224,Scleria_lagoensis_SC224_ Tanzania
SC141,Scleria,latifolia,Camelbeke K. & Goetghebeur P. 913,Costa Rica,GENT,LN886861,Scleria_latifolia_LN886861_Costa_Rica,LN887088,Scleria_latifolia_LN887088_Costa_Rica,LN886973,Scleria_latifolia_LN886973_Costa_Rica,MH379468,Scleria_latifolia_MH379468_ Costa_Rica
SC142,Scleria,laxa,Wilson K.L. 7338,Australia,GENT,LN886862,Scleria_laxa_LN886862_Australia,LN887089,Scleria_laxa_LN887089_Australia,LN886974,Scleria_laxa_LN886974_Australia,,
SC446,Scleria,laxiflora,Bidgood et al. 842,Tanzania,MO,MG708624,Scleria_laxiflora_MG708624_Tanzania,MG708857,Scleria_laxiflora_MG708857_Tanzania,MG708748,Scleria_laxiflora_MG708748_Tanzania,MG709020,Scleria_laxiflora_MG709020_Tanzania
SC296,Scleria,leptostachya,Irwin et al. 11690,Brazil,GENT,MG708559,Scleria_leptostachya_MG708559_Brazil,MG708798,Scleria_leptostachya_MG708798_Brazil,MG708687,Scleria_leptostachya_MG708687_Brazil,MG708955,Scleria_leptostachya_MG708955_Brazil
SC436,Scleria,liberica,Adam 29622,Liberia,MO,MG708615,Scleria_liberica_MG708615_Liberia,MG708847,Scleria_liberica_MG708847_Liberia,MG708738,Scleria_liberica_MG708738_Liberia,MG709010,Scleria_liberica_MG709010_Liberia
SC182,Scleria,lithosperma,Bauters K. & Coenen J. 2013-019,USA,GENT,,,LN887105,Scleria_lithosperma_LN887105_USA,LN886990,Scleria_lithosperma_LN886990_USA,MG708926,Scleria_lithosperma_MG708926_USA
SC144,Scleria,longispiculata,Hess H.&E. 52/437,Angola,GENT,MG708539,Scleria_longispiculata_MG708539_Angola,MG708778,Scleria_longispiculata_MG708778_Angola,MG708664,Scleria_longispiculata_MG708664_Angola,MG708920,Scleria_longispiculata_MG708920_Angola
SC110,Scleria,mackaviensis,Wilson K.L. 9871, Australia,NE,LN886847,Scleria_mackaviensis_LN886847_Australia,LN887074,Scleria_mackaviensis_LN887074_Australia,LN886958,Scleria_mackaviensis_LN886958_Australia,MG708915,Scleria_mackaviensis_MG708915_ Australia
SC104,Scleria,macrogyne, Bart De Wilde 26, Guiana,TCD,LN886841,Scleria_macrogyne_LN886841_Guyana,LN887068,Scleria_macrogyne_LN887068_Guyana,LN886952,Scleria_macrogyne_LN886952_Guyana,,
SC145,Scleria,macrophylla," Laegaard, S. 101080", Equador,GENT,LN886863,Scleria_macrophylla_LN886863_Ecuador,LN887090,Scleria_macrophylla_LN887090_Equador,LN886975,Scleria_macrophylla_LN886975_Equador,,
JG23,Scleria,madagascariensis,Rokotozafy 2741,Madagascar,K,JG23,Scleria_madagascariensis_JG23_Madagascar,JG23,Scleria_madagascariensis_JG23_Madagascar,JG23,Scleria_madagascariensis_JG23_Madagascar,,
SC451,Scleria,maypurensis,Gr”ger A. 1103,Venezuela,GENT,MG708629,Scleria_maypurensis_MG708629_Venezuela,MG708862,Scleria_maypurensis_MG708862_Venezuela,,,,
SC112,Scleria,melanomphala,Muasya M.A. 96/167,Tanzania,GENT,LN886848,Scleria_melanomphala_LN886848_Tanzania,LN887075,Scleria_melanomphala_LN887075_Tanzania,LN886959,Scleria_melanomphala_LN886959_Tanzania,MH379463,Scleria_melanomphala_MH379463_ Tanzania
SC449,Scleria,melanotricha,Porembski 362,Ivory Coast,GENT,MG708627,Scleria_melanotricha_MG708627_Ivory_Coast,MG708860,Scleria_melanotricha_MG708860_Ivory_Coast,MG708751,Scleria_melanotricha_MG708751_Ivory_Coast,MG708966,Scleria_melanotricha_MG708966_Ivory_Coast
SC107,Scleria,microcarpa,De Wilde B. 19,Guiana,TCD,LN886844,Scleria_microcarpa_LN886844_Guyana,LN887071,Scleria_microcarpa_LN887071_Guyana,LN886955,Scleria_microcarpa_LN886955_Guyana,MH379460,Scleria_microcarpa_MH379460_ Guyana
SC148,Scleria,mitis,Thomas W.W. & al. 11399,Brazil,GENT,LN886865,Scleria_mitis_LN886865_Brazil,LN887092,Scleria_mitis_LN887092_Brazil,LN886977,Scleria_mitis_LN886977_Brazil,MH379469,Scleria_mitis_MH379469_ Brazil
SC029,Scleria,mongomoensis,Porembski S. 3609,Equatorial Guinea,GENT,MG708522,Scleria_mongomoensis_MG708522_Equatorial_Guinea,,,,,MG708891,Scleria_mongomoensis_MG708891_Equatorial_Guinea
SC150,Scleria,naumanniana,"Laegaard, S. 16894",Senegal,GENT,LN886866,Scleria_naumanniana_LN886866_Senegal,LN887093,Scleria_naumanniana_LN887093_Senegal,LN886978,Scleria_naumanniana_LN886978_Senegal,,
SC023,Scleria,neesii,Larsen K. & al. 45846,Thailand,MO,,,,,LN887008,Scleria_neesii_LN887008_Thailand,,
SC232,Scleria,nyasensis,Rwaburindore P.K. 3708,Uganda,MO,LN886892,Scleria_nyasensis_LN886892_Uganda,LN887121,Scleria_nyasensis_LN887121_Uganda,LN887009,Scleria_nyasensis_LN887009_Uganda,,
SC093,Scleria,oblata,De Wilde B. & al. 02-110,Thailand,TCD,LN886834,Scleria_oblata_LN886834_Thailand,LN887062,Scleria_oblata_LN887062_Thailand,LN886945,Scleria_oblata_LN886945_Thailand,,
SC154,Scleria,obtusa,Beck. St. G. 46,Bolivia,GENT,LN886867,Scleria_obtusa_LN886867_Bolivia,LN887094,,LN886979,Scleria_obtusa_LN886979_Bolivia,,
SC236,Scleria,oligantha,Brant A.E. 4716,U.S.A.,MO,LN886893,Scleria_oligantha_LN886893_USA,LN887122,Scleria_oligantha_LN887122_USA,LN887010,Scleria_oligantha_LN887010_USA,MH379471,Scleria_oligantha_MH379471_USA
SC155,Scleria,panicoides,Solomon J.C. 18411,Bolivia,GENT,LN886868,Scleria_panicoides_LN886868_Bolivia,LN887095,Scleria_panicoides_LN887095_Bolivia,LN886980,Scleria_panicoides_LN886980_Bolivia,,
SC252,Scleria,pantadenia,Bidgood S. et al. 5550,Tanzania,MO,LN886902,Scleria_pantadenia_LN886902_Tanzania,LN887131,Scleria_pantadenia_LN887131_Tanzania,LN887019,Scleria_pantadenia_LN887019_Tanzania,MG708935,Scleria_pantadenia_MG708935_Tanzania
SC382,Scleria,paupercula,Bauters K. 2015-172,Zambia,GENT,MG708604,Scleria_paupercula_MG708604_Zambia,MG708837,Scleria_paupercula_MG708837_Zambia,MG708731,Scleria_paupercula_MG708731_Zambia,MG709000,Scleria_paupercula_MG709000_Zambia
SC435,Scleria,pedicellata,Ngok Banak 1736,Togo,MO,MG708614,Scleria_pedicellata_MG708614_Togo,MG708846,Scleria_pedicellata_MG708846_Togo,MG708737,Scleria_pedicellata_MG708737_Togo,MG709009,Scleria_pedicellata_MG709009_Togo
SC123,Scleria,pergracilis,Laegaard S. 21176,Burkina Faso,GENT,MG708536,Scleria_pergracilis_MG708536_Burkina_Faso,MG708775,Scleria_pergracilis_MG708775_Burkina_Faso,MG708661,Scleria_pergracilis_MG708661_Burkina_Faso,MG708917,Scleria_pergracilis_MG708917_Burkina_Faso
SC349,Scleria,pergracilis_var._brachystachys,Bauters K. 2015-052,Zambia,GENT,MG708584,Scleria_pergracilis_var_brachystachys_MG708584_Zambia,MG708822,Scleria_pergracilis_var_brachystachys_MG708822_Zambia,MG708710,Scleria_pergracilis_var_brachystachys_MG708710_Zambia,MG708982,Scleria_pergracilis_var_brachystachys_MG708982_Zambia
SC315,Scleria,perpusilla,Chermezon 18433,Madagascar,BR,,,,,,,MG708968,Scleria_perpusilla_MG708968_Madagascar
SC239,Scleria,plusiophylla,Zardini E. & Guerrero L. 37110,Paraguay,MO,LN886894,Scleria_plusiophylla_LN886894_Paraguay,LN887123,Scleria_plusiophylla_LN887123_Paraguay,LN887011,Scleria_plusiophylla_LN887011_Paraguay,,
SC280,Scleria,poiformis,De Wilde B. b89,Thailand,TCD,LN886914,Scleria_poiformis_LN886914_Thailand,LN887143,Scleria_poiformis_LN887143_Thailand,LN887032,Scleria_poiformis_LN887032_Thailand,,
SC122,Scleria,polycarpa,Turner H. 174,Indonesia,GENT,,,,,LN886963,Scleria_polycarpa_LN886963_Indonesia,,
SC299,Scleria,polyrrhiza,Robinson E.A. 4921,Zambia,GENT,MG708562,Scleria_polyrrhiza_MG708562_Angola,MG708800,Scleria_polyrrhiza_MG708800_Zambia,MG708690,Scleria_polyrrhiza_MG708690_Zambia,MG708957,Scleria_polyrrhiza_MG708957_Zambia
SC364,Scleria,pooides,Bauters K. 2015-119,Zambia,GENT,MG708593,Scleria_pooides_MG708593_Zambia,MG708828,Scleria_pooides_MG708828_Zambia,MG708719,Scleria_pooides_MG708719_Zambia,MG708989,Scleria_pooides_MG708989_Zambia
SC454,Scleria,pseudohispidior,Friis 7889,Ethiopia,L,MG708632,Scleria_pseudohispidior_MG708632_Ethiopia,MG708864,Scleria_pseudohispidior_MG708864_Ethiopia,MG708753,Scleria_pseudohispidior_MG708753_Ethiopia,MG709024,Scleria_pseudohispidior_MG709024_Ethiopia
SC024,Scleria,pulchella,Hess H.&E. 52/1745,Angola,GENT,MG708518,Scleria_pulchella_MG708518_Angola,MG708761,Scleria_pulchella_MG708761_Angola,MG708648,Scleria_pulchella_MG708648_Angola,MG708886,Scleria_pulchella_MG708886_Angola
SC053,Scleria,purdiei,Beck St. G. 13542,Bolivia,GENT,LN886820,Scleria_purdiei_LN886820_Bolivia,LN887049,Scleria_purdiei_LN887049_Bolivia,LN886931,Scleria_purdiei_LN886931_Bolivia,MG708912,Scleria_purdiei_MG708912_Bolivia
SC094,Scleria,purpurascens,De Wilde B. & al. 02-177,Thailand,TCD,LN886835,Scleria_purpurascens_LN886835_Thailand,LN887063,Scleria_purpurascens_LN887063_Thailand,LN886946,Scleria_purpurascens_LN886946_Thailand,,
SC447,Scleria,pusilla,Jansen-Jacobs 2637,Guyana,GENT,MG708625,Scleria_pusilla_MG708625_Guyana,MG708858,Scleria_pusilla_MG708858_Guyana,MG708749,Scleria_pusilla_MG708749_Guyana,MG709021,Scleria_pusilla_MG709021_Guyana
SC109,Scleria,racemosa,Billiet F. S3802,Africa,BR,LN886846,Scleria_racemosa_LN886846_Africa,LN887073,Scleria_racemosa_LN887073_Africa,LN886957,Scleria_racemosa_LN886957_Africa,MH379462,Scleria_racemosa_MH379462_ Africa
SC358,Scleria,rehmannii,Bauters K. 2015-107,Zambia,GENT,MG708588,Scleria_rehmannii_MG708588_Zambia,MG708826,Scleria_rehmannii_MG708826_Zambia,MG708714,Scleria_rehmannii_MG708714_Zambia,MG708986,Scleria_rehmannii_MG708986_Zambia
SC192,Scleria,reticularis,Bauters K. & Coenen J. 2013-050,U.S.A.,GENT,LN886878,Scleria_reticularis_LN886878_USA,LN887109,Scleria_reticularis_LN887109_USA,LN886994,Scleria_reticularis_LN886994_USA,,
SC304,Scleria,richardsiae,Faden R.B. et al. 96/245,Tanzania,BR,MG708564,Scleria_richardsiae_MG708564_Tanzania,MG708803,Scleria_richardsiae_MG708803_Tanzania,MG708693,Scleria_richardsiae_MG708693_Tanzania,MG708960,Scleria_richardsiae_MG708960_Tanzania
SC305,Scleria,robinsoniana,Gomar A.S. 343,Guinea,BR,MG708565,Scleria_robinsoniana_MG708565_Guinea,MG708804,Scleria_robinsoniana_MG708804_Guinea,MG708694,Scleria_robinsoniana_MG708694_Guinea,MG708961,Scleria_robinsoniana_MG708961_Guinea
JG12,Scleria,rosea,SDR460,Madagascar,K,JG12,Scleria_rosea_JG12_Madagascar,JG12,Scleria_rosea_JG12_Madagascar,JG12,Scleria_rosea_JG12_Madagascar,,
SC043,Scleria,rugosa,De Dapper M. 81/1,Indonesia,GENT,LN886817,Scleria_rugosa_LN886817_Indonesia,LN887046,Scleria_rugosa_LN887046_Indonesia,LN886928,Scleria_rugosa_LN886928_Indonesia,MH379453,Scleria_rugosa_MH379453_ Indonesia
JG03,Scleria,rutenbergiana,P01668985,Madagascar,P,JG03,Scleria_rutenbergiana_JG03_Madagascar,JG03,Scleria_rutenbergiana_JG03_Madagascar,JG03,Scleria_rutenbergiana_JG03_Madagascar,,
SC088,Scleria,scabra,Luce¤o M. 282,Brazil,GENT,LN886831,Scleria_scabra_LN886831_Brazil,LN887059,Scleria_scabra_LN887059_Brazil,LN886942,Scleria_scabra_LN886942_Brazil,,
SC242,Scleria,schiedeana,Tellez O.V. 12761,Mexico,MO,LN886896,Scleria_schiedenana_LN886896_Mexico,LN887125,Scleria_schiedeana_LN887125_Mexico,LN887013,Scleria_schiedeana_LN887013_Mexico,,
SC090,Scleria,schimperiana,Friis I. & al. 8034,Ethiopia,GENT,LN886832,Scleria_schimperiana_LN886832_Ethiopia,LN887060,Scleria_schimperiana_LN887060_Ethiopia,LN886943,Scleria_schimperiana_LN886943_Ethiopia,,
SC355,Scleria,schliebenii,Bauters K. 2015-071,Zambia,GENT,MG708587,Scleria_schliebenii_MG708587_Zambia,MG708825,Scleria_schliebenii_MG708825_Zambia,MG708713,Scleria_schliebenii_MG708713_Zambia,MG708985,Scleria_schliebenii_MG708985_Zambia
SC100,Scleria,scrobiculata,De Wilde B. & al. 02-99,Thailand,TCD,LN886839,Scleria_scrobiculata_LN886839_Thailand,LN887066,Scleria_scrobiculata_LN887066_Thailand,LN886950,Scleria_scrobiculata_LN886950_Thailand,,
SC105,Scleria,secans,De Wilde B. 10,Guiana,TCD,LN886842,Scleria_secans_LN886842_Guyana,LN887069,Scleria_secans_LN887069_Guyana,LN886953,Scleria_secans_LN886953_Guyana,MH379459,Scleria_secans_MH379459_ Guyana
SC244,Scleria,skutchii,Grant J.R. & Rundell J.R. 92-02062,Costa Rica,MO,LN886897,Scleria_skutchii_LN886897_Costa_Rica,LN887126,Scleria_skutchii_LN887126_Costa_Rica,LN887014,Scleria_skutchii_LN887014_Costa_Rica,,
SC040,Scleria,sobolifer,Reid C. 531,South Africa,GENT,LN886814,Scleria_sobolifer_LN886814_South_Africa,LN887043,Scleria_sobolifer_LN887043_South_Africa,LN886925,Scleria_sobolifer_LN886925_South_Africa,MG708901,Scleria_sobolifer_MG708901_South_Africa
SC146,Scleria,sororia,Tenorio P.L. & al. 14638,Guatemala,GENT,LN886864,Scleria_sororia_LN886864_Guatemala,LN887091,Scleria_sororia_LN887091_Guatemala,LN886976,Scleria_sororia_LN886976_Guatemala,,
SC259,Scleria,sphacelata,Bruhl J.J. 2467,Australia,NE,LN886903,Scleria_sphacelata_LN886903_Australia,LN887132,Scleria_sphacelata_LN887132_Australia,LN887020,Scleria_sphacelata_LN887020_Australia,MG708938,Scleria_sphacelata_MG708938_Australia
SC041,Scleria,spicata,Harley R.M. 24658,Brazil,GENT,LN886815,Scleria_spicata_LN886815_Brazil,LN887044,Scleria_spicata_LN887044_Brazil,LN886926,Scleria_spicata_LN886926_Brazil,MG708902,Scleria_spicata_MG708902_Brazil
SC246,Scleria,spiciformis,Harris D.J. 8223,Gabon,MO,LN886898,Scleria_spiciformis_LN886898_Gabon,LN887127,Scleria_spiciformis_LN887127_Gabon,LN887015,Scleria_spiciformis_LN887015_Gabon,,
SC162,Scleria,splitgerberiana,Gottsberger G. & D”ring J. 126-19186,Brazil,GENT,LN886869,Scleria_splitgerberiana_LN886869_Brazil,LN887096,Scleria_splitgerberiana_LN887096_Brazil,LN886981,Scleria_splitgerberiana_LN886981_Brazil,,
SC163,Scleria,sprucei,Saldias M. & al. 2703,Bolivia,GENT,LN886870,Scleria_sprucei_LN886870_Bolivia,LN887097,Scleria_sprucei_LN887097_Bolivia,LN886982,Scleria_sprucei_LN886982_Bolivia,,
SC164,Scleria,staheliana,Cremers G. 12187,French Guyana,GENT,LN886871,Scleria_staheliana_LN886871_French_Guiana,LN887098,Scleria_staheliana_LN887098_French_Guiana,LN886983,Scleria_staheliana_LN886983_French_Guiana,,
SC350,Scleria,suaveolens,Bauters K. 2015-053,Zambia,GENT,MG708585,Scleria_suaveolens_MG708585_Zambia,MG708823,Scleria_suaveolens_MG708823_Zambia,MG708711,Scleria_suaveolens_MG708711_Zambia,MG708983,Scleria_suaveolens_MG708983_Zambia
SC097,Scleria,sumatrensis,De Wilde B. & al. 02-198,Thailand,TCD,LN886837,Scleria_sumatrensis_LN886837_Thailand,LN887065,Scleria_sumatrensis_LN887065_Thailand,LN886948,Scleria_sumatrensis_LN886948_Thailand,,
SC044,Scleria,tenella,Cremers G. & Granville J.J. 13978,French Guiana,GENT,MG708530,Scleria_tenella_MG708530_French_Guiana,MG708768,Scleria_tenella_MG708768_French_Guiana,MG708654,Scleria_tenella_MG708654_French_Guiana,MG708904,Scleria_tenella_MG708904_French_Guiana
SC167,Scleria,tepuiensis,Gr”ger A. 1127,Venezuela,GENT,LN886873,Scleria_tepuiensis_LN886873_Venezuela,LN887100,Scleria_tepuiensis_LN887100_Venezuela,LN886985,Scleria_tepuiensis_LN886985_Venezuela,,
SC055,Scleria,terrestris,Goetghebeur P. 12129,Philippines,GENT,LN886822,Scleria_terrestris_LN886822_Philippines,LN887051,Scleria_terrestris_LN887051_Philippines,LN886933,Scleria_terrestris_LN886933_Philippines,MH379454,Scleria_terrestris_MH379454_ Philippines
SC166,Scleria,tessellata,De Smet K. 77/14,Burkina Faso,GENT,LN886872,Scleria_tessellata_LN886872_Burkina_Faso,LN887099,Scleria_tessellata_LN887099_Burkina_Faso,LN886984,Scleria_tessellata_LN886984_Burkina_Faso,SC166,Scleria_tessellata_SC166_ Burkina_Faso
SC278,Scleria,testacea,Schessl M. 3006,Brazil,GENT,LN886912,Scleria_testacea_LN886912_Brazil,LN887142,Scleria_testacea_LN887142_Brazil,LN887030,Scleria_testacea_LN887030_Brazil,,
SC098,Scleria,tonkinensis,De Wilde B. & al. 02-173,Thailand,GENT,LN886838,Scleria_tonkinensis_LN886838_Thailand,,,LN886949,Scleria_tonkinensis_LN886949_Thailand,,
SC168,Scleria,transvaalensis,Reid C. 1815,South Africa,GENT,LN886874,Scleria_transvaalensis_LN886874_South_Africa,LN887101,Scleria_transvaalensis_LN887101_South_Africa,LN886986,Scleria_transvaalensis_LN886986_South_Africa,,
JG21,Scleria,trialata,Randriamampionona 328,Madagascar,K,JG21,Scleria_trialata_JG21_Madagascar,,,,,,
SC450,Scleria,tricholepis,Drummond 7438,Zambia,L,MG708628,Scleria_tricholepis_MG708628_Zambia,MG708861,Scleria_tricholepis_MG708861_Zambia,,,,
SC266,Scleria,tricristata,Bidgood S. et al. 6083,Tanzania,MO,LN886905,Scleria_tricristata_LN886905_Tanzania,LN887135,Scleria_tricristata_LN887135_Tanzania,LN887023,Scleria_tricristata_LN887023_Tanzania,MG708942,Scleria_tricristata_MG708942_Tanzania
SC249,Scleria,triglomerata,Kral R. 94078,U.S.A.,MO,LN886899,Scleria_triglomerata_LN886899_USA,LN887128,Scleria_triglomerata_LN887128_USA,LN887016,Scleria_triglomerata_LN887016_USA,MH379472,Scleria_triglomerata_MH379472_USA
SC250,Scleria,unguiculata,"Bidgood,  S. & al. 5577",Tanzania,MO,LN886900,Scleria_unguiculata_LN886900_Tanzania,LN887129,Scleria_unguiculata_LN887129_Tanzania,LN887017,Scleria_unguiculata_LN887017_Tanzania,,
SC171,Scleria,verrucosa,Hepper F.N. & Maley J. 7752,Ivory Coast,GENT,LN886875,Scleria_verrucosa_LN886875_Ivory_Coast,LN887102,Scleria_verrucosa_LN887102_Ivory_Coast,LN886987,Scleria_verrucosa_LN886987_Ivory_Coast,,
SC319,Scleria,verticillata,Umbach 198,USA,GENT,MG708574,Scleria_verticillata_MG708574_USA,MG708812,Scleria_verticillata_MG708812_USA,,,MG708971,Scleria_verticillata_MG708971_USA
SC301,Scleria,veseyfitzgeraldii,Smith 3774,Botswana,GENT,MG708563,Scleria_veseyfitzgeraldii_MG708563_Botswana,MG708801,Scleria_veseyfitzgeraldii_MG708801_Botswana,MG708691,Scleria_veseyfitzgeraldii_MG708691_Botswana,MG708958,Scleria_veseyfitzgeraldii_MG708958_Botswana
SC118,Scleria,virgata,Irwin H.S. et al. 20762,Brazil,GENT,LN886849,Scleria_virgata_LN886849_Brazil,LN887076,Scleria_virgata_LN887076_Brazil,LN886960,Scleria_virgata_LN886960_Brazil,MG708916,Scleria_virgata_MG708916_Brazil
SC251,Scleria,vogelii, Jongkind C.C.H. 8509, Liberia,MO,LN886901,Scleria_vogelii_LN886901_Liberia,LN887130,Scleria_vogelii_LN887130_Liberia,LN887018,Scleria_vogelii_LN887018_Liberia,,
SC442,Scleria,welwitschii,Robinson 5714,Zambia,GENT,MG708620,Scleria_welwitschii_MG708620_Zambia,MG708853,Scleria_welwitschii_MG708853_Zambia,MG708744,Scleria_welwitschii_MG708744_Zambia,MG709016,Scleria_welwitschii_MG709016_Zambia
SC121,Scleria,williamsii, Rivero E. 445, Bolivia,GENT,LN886851,Scleria_williamsii_LN886851_Bolivia,LN887078,Scleria_williamsii_LN887078_Bolivia,LN886962,Scleria_williamsii_LN886962_Bolivia,,
SC326,Scleria,woodii,S. Bidgood et al. 5202,Tanzania,GENT,MG708577,Scleria_woodii_MG708577_Tanzania,MG708815,Scleria_woodii_MG708815_Tanzania,MG708704,Scleria_woodii_MG708704_Tanzania,MG708975,Scleria_woodii_MG708975_Tanzania
SC335,Scleria,zambesica,E.A. Robinson 6578,Zambia,NY,MG708582,Scleria_zambesica_MG708582_Zambia,MG708820,Scleria_zambesica_MG708820_Zambia,MG708708,Scleria_zambesica_MG708708_Zambia,MG708980,Scleria_zambesica_MG708980_Zambia
,,,,,,,,,,,,,
,,,,,,,,,,,,,
,,,,,,,,,,,,,
,,,,,,,,,,,,,
,,,,,,,,,,,,,
,,,,,,,,,,,,,
,,,,,,,,,,,,,
,,,,,,,,,,,,,
,,,,,,,,,,,,,
,,,,,,,,,,,,,
,,,,,,,,,,,,,
,,,,,,,,,,,,,
,,,,,,,,,,,,,
,,,,,,,,,,,,,
,,,,,,,,,,,,,
,,,,,,,,,,,,,
,,,,,,,,,,,,,
,,,,,,,,,,,,,
,,,,,,,,,,,,,
,,,,,,,,,,,,,
,,,,,,,,,,,,,
,,,,,,,,,,,,,
,,,,,,,,,,,,,
,,,,,,,,,,,,,
,,,,,,,,,,,,,
,,,,,,,,,,,,,
,,,,,,,,,,,,,
,,,,,,,,,,,,,
,,,,,,,,,,,,,
,,,,,,,,,,,,,
,,,,,,,,,,,,,
,,,,,,,,,,,,,
,,,,,,,,,,,,,
,,,,,,,,,,,,,
,,,,,,,,,,,,,
,,,,,,,,,,,,,
,,,,,,,,,,,,,
,,,,,,,,,,,,,
,,,,,,,,,,,,,
,,,,,,,,,,,,,
,,,,,,,,,,,,,
,,,,,,,,,,,,,
,,,,,,,,,,,,,
,,,,,,,,,,,,,
,,,,,,,,,,,,,
,,,,,,,,,,,,,
,,,,,,,,,,,,,
,,,,,,,,,,,,,
,,,,,,,,,,,,,
,,,,,,,,,,,,,
,,,,,,,,,,,,,
,,,,,,,,,,,,,
